{"intercept": 4168457.95145631, "coefficients": {"G": 1046798.6356436252, "A": 1431293.3228821398, "PM": -273391.67019632715, "Age": 892947.1225938471}}