{"intercept": 4110952.145038168, "coefficients": {"G": 677232.7264075215, "A": 1029196.009129157, "PM": -263338.6533149939, "Age": 1226416.5480740708}}